{
    "SavesData": {
        "GeneralVolume": 0.36291858553886416,
        "MusicVolume": 0.41510576009750368,
        "SfxVolume": 0.4504672884941101
    },
    "idSave": 6
}