{
    "idSave": 160,
    "SavesData": {
        "GeneralVolume": 0.8625265955924988,
        "MusicVolume": 0.7908191084861755,
        "SfxVolume": 1.0
    }
}