{
    "SavesData": {
        "GeneralVolume": 0.661442220211029,
        "MusicVolume": 0.6501129269599915,
        "SfxVolume": 0.6727715134620667
    },
    "idSave": 3
}