{
    "idSave": 98,
    "SavesData": {
        "GeneralVolume": 0.5351430177688599,
        "MusicVolume": 0.8211241364479065,
        "SfxVolume": 0.7111315131187439
    }
}