{
    "idSave": 168,
    "SavesData": {
        "GeneralVolume": 0.09347288310527802,
        "MusicVolume": 0.7908191084861755,
        "SfxVolume": 1.0
    }
}