{
    "idSave": 118,
    "SavesData": {
        "GeneralVolume": 0.5351430177688599,
        "MusicVolume": 0.6507604122161865,
        "SfxVolume": 1.0
    }
}