{
<<<<<<< HEAD
    "idSave": 405,
=======
    "idSave": 291,
>>>>>>> 254fefc1707fdf056ae43f021bd40b057aec9a96
    "SavesData": {
        "GeneralVolume": 0.09347288310527802,
        "MusicVolume": 0.7908191084861755,
        "SfxVolume": 1.0,
        "PlayerColorIndex": 0,
        "EnemyColorIndex": 2,
        "ConqueredTerritories": [
            0,
            4,
            7
        ]
    }
}