{
    "idSave": 112,
    "SavesData": {
        "GeneralVolume": 0.5351430177688599,
        "MusicVolume": 0.1343318521976471,
        "SfxVolume": 1.0
    }
}